-- MySQL dump 10.13  Distrib 8.0.19, for Win64 (x86_64)
--
-- Host: 127.0.0.1    Database: daddatabase
-- ------------------------------------------------------
-- Server version	8.0.19

/*!40101 SET @OLD_CHARACTER_SET_CLIENT=@@CHARACTER_SET_CLIENT */;
/*!40101 SET @OLD_CHARACTER_SET_RESULTS=@@CHARACTER_SET_RESULTS */;
/*!40101 SET @OLD_COLLATION_CONNECTION=@@COLLATION_CONNECTION */;
/*!50503 SET NAMES utf8 */;
/*!40103 SET @OLD_TIME_ZONE=@@TIME_ZONE */;
/*!40103 SET TIME_ZONE='+00:00' */;
/*!40014 SET @OLD_UNIQUE_CHECKS=@@UNIQUE_CHECKS, UNIQUE_CHECKS=0 */;
/*!40014 SET @OLD_FOREIGN_KEY_CHECKS=@@FOREIGN_KEY_CHECKS, FOREIGN_KEY_CHECKS=0 */;
/*!40101 SET @OLD_SQL_MODE=@@SQL_MODE, SQL_MODE='NO_AUTO_VALUE_ON_ZERO' */;
/*!40111 SET @OLD_SQL_NOTES=@@SQL_NOTES, SQL_NOTES=0 */;

--
-- Table structure for table `actuador`
--

DROP TABLE IF EXISTS `actuador`;
/*!40101 SET @saved_cs_client     = @@character_set_client */;
/*!50503 SET character_set_client = utf8mb4 */;
CREATE TABLE `actuador` (
  `id_actuador` int NOT NULL AUTO_INCREMENT,
  `tipo` varchar(45) NOT NULL,
  `nombre` varchar(45) NOT NULL,
  `id_dispositivo` int DEFAULT NULL,
  PRIMARY KEY (`id_actuador`),
  KEY `actuador_dispositivo_idx` (`id_dispositivo`),
  CONSTRAINT `actuador_dispositivo` FOREIGN KEY (`id_dispositivo`) REFERENCES `dispositivo` (`id_dispositivo`) ON DELETE CASCADE ON UPDATE CASCADE
) ENGINE=InnoDB AUTO_INCREMENT=7 DEFAULT CHARSET=utf8mb4 COLLATE=utf8mb4_0900_ai_ci;
/*!40101 SET character_set_client = @saved_cs_client */;

--
-- Dumping data for table `actuador`
--

LOCK TABLES `actuador` WRITE;
/*!40000 ALTER TABLE `actuador` DISABLE KEYS */;
INSERT INTO `actuador` VALUES (1,'bomba','bomba_aloevera',1),(2,'luz','luz_aloevera',1),(3,'calefactor','calefactor_aloevera',1),(4,'ventilador','ventilador_aloevera',1),(5,'alarma','alarma_aloevera',1);
/*!40000 ALTER TABLE `actuador` ENABLE KEYS */;
UNLOCK TABLES;

--
-- Table structure for table `actuador_valor`
--

DROP TABLE IF EXISTS `actuador_valor`;
/*!40101 SET @saved_cs_client     = @@character_set_client */;
/*!50503 SET character_set_client = utf8mb4 */;
CREATE TABLE `actuador_valor` (
  `id_actuador_valor` int NOT NULL AUTO_INCREMENT,
  `id_actuador` int NOT NULL,
  `funcionamiento` tinyint NOT NULL,
  `tiempo` bigint DEFAULT NULL,
  PRIMARY KEY (`id_actuador_valor`),
  KEY `actuador_valor_actuador_idx` (`id_actuador`),
  CONSTRAINT `actuador_valor_actuador` FOREIGN KEY (`id_actuador`) REFERENCES `actuador` (`id_actuador`) ON DELETE CASCADE ON UPDATE CASCADE
) ENGINE=InnoDB AUTO_INCREMENT=2380 DEFAULT CHARSET=utf8mb4 COLLATE=utf8mb4_0900_ai_ci;
/*!40101 SET character_set_client = @saved_cs_client */;

--
-- Dumping data for table `actuador_valor`
--

LOCK TABLES `actuador_valor` WRITE;
/*!40000 ALTER TABLE `actuador_valor` DISABLE KEYS */;
INSERT INTO `actuador_valor` VALUES (1,1,1,123456789),(2,2,1,112345674),(3,3,1,123443333),(4,4,1,123666665),(5,5,1,123456745),(6,1,0,1234567),(1442,5,1,2195618),(1443,3,1,2195618),(1444,4,0,2195618),(1445,2,1,2195618),(1446,5,1,2195624),(1447,3,0,2195624),(1448,4,1,2195624),(1449,2,1,2195624),(1450,5,1,2195631),(1451,3,1,2195631),(1452,4,0,2195631),(1453,2,0,2195631),(1454,5,1,2195637),(1455,3,1,2195637),(1456,4,0,2195637),(1457,2,1,2195637),(1458,5,1,2195643),(1459,3,1,2195643),(1460,4,0,2195643),(1461,2,1,2195643),(1462,5,1,2195649),(1463,3,0,2195649),(1464,4,1,2195649),(1465,2,0,2195649),(1466,5,1,2195654),(1467,3,1,2195654),(1468,4,0,2195654),(1469,2,1,2195654),(1470,5,1,219570),(1471,3,1,219570),(1472,4,0,219570),(1473,2,1,219570),(1474,5,1,219576),(1475,3,0,219576),(1476,4,1,219576),(1477,2,0,219576),(1478,5,1,2195715),(1479,3,0,2195715),(1480,4,1,2195715),(1481,2,0,2195715),(1482,5,1,2195722),(1483,3,0,2195722),(1484,4,1,2195722),(1485,2,1,2195722),(1486,5,1,2195727),(1487,3,0,2195727),(1488,4,1,2195727),(1489,2,1,2195727),(1490,5,1,2195733),(1491,3,1,2195733),(1492,4,0,2195733),(1493,2,1,2195733),(1494,5,1,2195739),(1495,3,0,2195739),(1496,4,1,2195739),(1497,2,0,2195739),(1498,5,1,2195745),(1499,3,1,2195745),(1500,4,0,2195745),(1501,2,1,2195745),(1502,5,1,2195751),(1503,3,1,2195751),(1504,4,0,2195751),(1505,2,1,2195751),(1506,5,1,2195757),(1507,3,0,2195757),(1508,4,1,2195757),(1509,2,0,2195757),(1510,5,1,219582),(1511,3,1,219582),(1512,4,0,219582),(1513,2,1,219582),(1514,5,1,219588),(1515,3,0,219588),(1516,4,1,219588),(1517,2,1,219588),(1518,2,1,3173524),(1519,5,1,3173746),(1520,3,0,3173746),(1521,4,1,3173746),(1522,2,1,3173746),(1523,5,1,3173751),(1524,3,1,3173751),(1525,4,0,3173751),(1526,2,1,3173751),(1527,5,1,3173758),(1528,3,1,3173758),(1529,4,0,3173758),(1530,2,1,3173758),(1531,5,1,317384),(1532,3,0,317384),(1533,4,1,317384),(1534,2,1,317384),(1535,5,0,3173810),(1536,1,1,3173810),(1537,3,1,3173810),(1538,4,0,3173810),(1539,2,0,3173810),(1540,5,1,3173817),(1541,3,0,3173817),(1542,4,1,3173817),(1543,2,1,3173817),(1544,5,1,3173824),(1545,3,1,3173824),(1546,4,0,3173824),(1547,2,1,3173824),(1548,5,0,3173830),(1549,1,1,3173830),(1550,3,0,3173830),(1551,4,1,3173830),(1552,2,0,3173830),(1553,5,1,3173838),(1554,3,0,3173838),(1555,4,1,3173838),(1556,2,1,3173838),(1557,5,0,3173845),(1558,1,1,3173845),(1559,5,1,317396),(1560,3,1,317396),(1561,4,0,317396),(1562,2,1,317396),(1563,5,1,3173912),(1564,3,1,3173912),(1565,4,0,3173912),(1566,2,1,3173912),(1567,5,1,3173917),(1568,3,1,3173917),(1569,4,0,3173917),(1570,2,1,3173917),(1571,5,1,3173923),(1572,3,0,3173923),(1573,4,1,3173923),(1574,2,1,3173923),(1575,5,1,3173929),(1576,3,1,3173929),(1577,4,0,3173929),(1578,2,1,3173929),(1579,5,1,3173953),(1580,3,1,3173953),(1581,4,0,3173953),(1582,2,1,3173953),(1583,5,1,3174017),(1584,3,1,3174017),(1585,4,0,3174017),(1586,2,1,3174017),(1587,5,0,3174023),(1588,1,0,3174023),(1589,3,0,3174023),(1590,4,1,3174023),(1591,2,1,3174023),(1592,5,1,3174029),(1593,3,0,3174029),(1594,4,1,3174029),(1595,2,1,3174029),(1596,5,0,3174036),(1597,1,0,3174036),(1598,3,0,3174036),(1599,4,1,3174036),(1600,2,0,3174036),(1601,5,1,3174043),(1602,3,1,3174043),(1603,4,0,3174043),(1604,2,1,3174043),(1605,5,1,3174048),(1606,3,0,3174048),(1607,4,1,3174048),(1608,2,0,3174048),(1609,5,1,3174219),(1610,3,1,3174219),(1611,4,0,3174219),(1612,2,1,3174219),(1613,5,1,3174225),(1614,3,0,3174225),(1615,4,1,3174225),(1616,2,1,3174225),(1617,5,1,3174231),(1618,3,1,3174231),(1619,4,0,3174231),(1620,2,1,3174231),(1621,5,1,3174237),(1622,3,0,3174237),(1623,4,1,3174237),(1624,2,1,3174237),(1625,5,1,3174243),(1626,3,1,3174243),(1627,4,0,3174243),(1628,2,0,3174243),(1629,5,1,3174252),(1630,3,0,3174252),(1631,4,1,3174252),(1632,2,1,3174252),(1633,5,1,3174258),(1634,3,1,3174258),(1635,4,0,3174258),(1636,2,1,3174258),(1637,5,1,317434),(1638,3,0,317434),(1639,4,1,317434),(1640,2,1,317434),(1641,5,1,3174310),(1642,3,1,3174310),(1643,4,0,3174310),(1644,2,1,3174310),(1645,5,1,3174316),(1646,3,1,3174316),(1647,4,0,3174316),(1648,2,1,3174316),(1649,5,1,3174322),(1650,3,1,3174322),(1651,4,0,3174322),(1652,2,1,3174322),(1653,5,1,3174329),(1654,3,0,3174329),(1655,4,1,3174329),(1656,2,1,3174329),(1657,5,1,3174335),(1658,3,1,3174335),(1659,4,0,3174335),(1660,2,1,3174335),(1661,5,0,3174342),(1662,1,0,3174342),(1663,3,1,3174342),(1664,4,0,3174342),(1665,2,0,3174342),(1666,5,1,3174348),(1667,3,1,3174348),(1668,4,0,3174348),(1669,2,1,3174348),(1670,5,1,3174356),(1671,3,1,3174356),(1672,4,0,3174356),(1673,2,1,3174356),(1674,5,1,317442),(1675,3,1,317442),(1676,4,0,317442),(1677,2,1,317442),(1678,5,1,317448),(1679,3,1,317448),(1680,4,0,317448),(1681,2,1,317448),(1682,5,1,3174415),(1683,3,1,3174415),(1684,4,0,3174415),(1685,2,1,3174415),(1686,5,1,3174431),(1687,3,1,3174431),(1688,4,0,3174431),(1689,2,1,3174431),(1690,5,1,3174445),(1691,3,1,3174445),(1692,4,0,3174445),(1693,2,1,3174445),(1694,5,1,3174455),(1695,3,0,3174455),(1696,4,1,3174455),(1697,2,1,3174455),(1698,5,1,3174519),(1699,3,0,3174519),(1700,4,1,3174519),(1701,2,1,3174519),(1702,5,1,3174525),(1703,3,1,3174525),(1704,4,0,3174525),(1705,2,1,3174525),(1706,5,1,3174543),(1707,3,1,3174543),(1708,4,0,3174543),(1709,2,1,3174543),(1710,5,1,3174751),(1711,3,0,3174751),(1712,4,1,3174751),(1713,2,1,3174751),(1714,5,0,3174757),(1715,1,1,3174757),(1716,3,1,3174757),(1717,4,0,3174757),(1718,2,0,3174757),(1719,5,1,317485),(1720,3,1,317485),(1721,4,0,317485),(1722,2,1,317485),(1723,5,0,3174811),(1724,1,1,3174811),(1725,3,1,3174811),(1726,4,0,3174811),(1727,2,0,3174811),(1728,5,1,3174834),(1729,3,1,3174834),(1730,4,0,3174834),(1731,2,1,3174834),(1732,5,0,3174841),(1733,1,1,3174841),(1734,3,0,3174841),(1735,4,1,3174841),(1736,2,0,3174841),(1737,5,1,3174851),(1738,3,0,3174851),(1739,4,1,3174851),(1740,2,1,3174851),(1741,5,0,3174858),(1742,1,1,3174858),(1743,3,1,3174858),(1744,4,0,3174858),(1745,2,0,3174858),(1746,5,1,317494),(1747,3,0,317494),(1748,4,1,317494),(1749,2,1,317494),(1750,5,1,3174937),(1751,3,1,3174937),(1752,4,0,3174937),(1753,2,0,3174937),(1754,5,0,3174944),(1755,1,1,3174944),(1756,3,0,3174944),(1757,4,1,3174944),(1758,2,0,3174944),(1759,5,1,3174952),(1760,3,1,3174952),(1761,4,0,3174952),(1762,2,0,3174952),(1763,5,1,3174958),(1764,3,0,3174958),(1765,4,1,3174958),(1766,2,0,3174958),(1767,5,1,317504),(1768,3,0,317504),(1769,4,1,317504),(1770,2,0,317504),(1771,5,1,3175010),(1772,3,0,3175010),(1773,4,1,3175010),(1774,2,0,3175010),(1775,5,0,3175016),(1776,1,1,3175016),(1777,3,1,3175016),(1778,4,0,3175016),(1779,2,0,3175016),(1780,5,1,3175023),(1781,3,1,3175023),(1782,4,0,3175023),(1783,2,0,3175023),(1784,5,0,3175029),(1785,1,1,3175029),(1786,3,1,3175029),(1787,4,0,3175029),(1788,2,0,3175029),(1789,5,1,3175036),(1790,3,1,3175036),(1791,4,0,3175036),(1792,2,0,3175036),(1793,5,1,3175043),(1794,3,1,3175043),(1795,4,0,3175043),(1796,2,0,3175043),(1797,5,1,3175049),(1798,3,0,3175049),(1799,4,1,3175049),(1800,2,0,3175049),(1801,5,1,3175055),(1802,3,0,3175055),(1803,4,1,3175055),(1804,2,0,3175055),(1805,5,1,3175140),(1806,3,0,3175140),(1807,4,1,3175140),(1808,2,0,3175140),(1809,5,1,3175145),(1810,3,1,3175145),(1811,4,0,3175145),(1812,2,0,3175145),(1813,5,0,3175151),(1814,1,1,3175151),(1815,3,0,3175151),(1816,4,1,3175151),(1817,2,0,3175151),(1818,5,1,3175158),(1819,3,0,3175158),(1820,4,1,3175158),(1821,2,0,3175158),(1822,5,1,317524),(1823,3,0,317524),(1824,4,1,317524),(1825,2,0,317524),(1826,5,0,3175210),(1827,1,1,3175210),(1828,3,0,3175210),(1829,4,1,3175210),(1830,2,0,3175210),(1831,5,1,3175217),(1832,3,1,3175217),(1833,4,0,3175217),(1834,2,0,3175217),(1835,5,1,3175223),(1836,3,1,3175223),(1837,4,0,3175223),(1838,2,0,3175223),(1839,5,1,3175229),(1840,3,1,3175229),(1841,4,0,3175229),(1842,2,0,3175229),(1843,5,1,3175235),(1844,3,1,3175235),(1845,4,0,3175235),(1846,2,0,3175235),(1847,5,0,3175245),(1848,1,1,3175245),(1849,3,0,3175245),(1850,4,1,3175245),(1851,2,0,3175245),(1852,5,1,3175253),(1853,3,0,3175253),(1854,4,1,3175253),(1855,2,0,3175253),(1856,5,1,3175259),(1857,3,0,3175259),(1858,4,1,3175259),(1859,2,0,3175259),(1860,5,0,317535),(1861,1,1,317535),(1862,3,1,317535),(1863,4,0,317535),(1864,2,0,317535),(1865,5,1,3175312),(1866,3,0,3175312),(1867,4,1,3175312),(1868,2,0,3175312),(1869,5,1,3175326),(1870,3,0,3175326),(1871,4,1,3175326),(1872,2,0,3175326),(1873,5,1,3175334),(1874,3,1,3175334),(1875,4,0,3175334),(1876,2,1,3175334),(1877,5,1,3175342),(1878,3,0,3175342),(1879,4,1,3175342),(1880,2,1,3175342),(1881,5,1,3175348),(1882,3,1,3175348),(1883,4,0,3175348),(1884,2,1,3175348),(1885,5,0,3175354),(1886,1,1,3175354),(1887,3,0,3175354),(1888,4,1,3175354),(1889,2,0,3175354),(1890,5,1,317541),(1891,3,1,317541),(1892,4,0,317541),(1893,2,0,317541),(1894,5,0,317547),(1895,1,1,317547),(1896,3,1,317547),(1897,4,0,317547),(1898,2,0,317547),(1899,5,1,3175414),(1900,3,0,3175414),(1901,4,1,3175414),(1902,2,0,3175414),(1903,5,0,3175420),(1904,1,1,3175420),(1905,3,1,3175420),(1906,4,0,3175420),(1907,2,0,3175420),(1908,5,1,3175428),(1909,3,0,3175428),(1910,4,1,3175428),(1911,2,0,3175428),(1912,5,0,3175434),(1913,1,1,3175434),(1914,2,0,3175434),(1915,5,1,3175441),(1916,3,0,3175441),(1917,4,1,3175441),(1918,2,1,3175441),(1919,5,0,3175450),(1920,1,1,3175450),(1921,3,0,3175450),(1922,4,1,3175450),(1923,2,0,3175450),(1924,5,1,3175457),(1925,3,0,3175457),(1926,4,1,3175457),(1927,2,1,3175457),(1928,5,1,317553),(1929,3,0,317553),(1930,4,1,317553),(1931,2,1,317553),(1932,5,1,317559),(1933,3,0,317559),(1934,4,1,317559),(1935,2,1,317559),(1936,5,1,3182029),(1937,3,1,3182029),(1938,4,0,3182029),(1939,2,1,3182029),(1940,5,1,3182035),(1941,3,1,3182035),(1942,4,0,3182035),(1943,2,1,3182035),(1944,5,0,3182042),(1945,1,1,3182042),(1946,3,1,3182042),(1947,4,0,3182042),(1948,2,0,3182042),(1949,5,1,3182049),(1950,3,0,3182049),(1951,4,1,3182049),(1952,2,1,3182049),(1953,5,0,3182055),(1954,1,1,3182055),(1955,3,1,3182055),(1956,4,0,3182055),(1957,2,0,3182055),(1958,5,1,318212),(1959,3,0,318212),(1960,4,1,318212),(1961,2,1,318212),(1962,5,1,3182111),(1963,3,1,3182111),(1964,4,0,3182111),(1965,2,1,3182111),(1966,5,0,3182118),(1967,1,1,3182118),(1968,3,1,3182118),(1969,4,0,3182118),(1970,2,0,3182118),(1971,5,1,3182125),(1972,2,1,3182125),(1973,5,1,3182132),(1974,3,0,3182132),(1975,4,1,3182132),(1976,2,1,3182132),(1977,5,1,3182139),(1978,3,0,3182139),(1979,4,1,3182139),(1980,2,1,3182139),(1981,5,1,3182145),(1982,3,0,3182145),(1983,4,1,3182145),(1984,2,1,3182145),(1985,5,0,3182151),(1986,1,1,3182151),(1987,3,1,3182151),(1988,4,0,3182151),(1989,2,0,3182151),(1990,5,1,3182158),(1991,3,0,3182158),(1992,4,1,3182158),(1993,2,1,3182158),(1994,5,0,318224),(1995,1,1,318224),(1996,3,0,318224),(1997,4,1,318224),(1998,2,0,318224),(1999,5,1,3182212),(2000,3,1,3182212),(2001,4,0,3182212),(2002,2,1,3182212),(2003,5,0,3182218),(2004,1,1,3182218),(2005,3,1,3182218),(2006,4,0,3182218),(2007,2,0,3182218),(2008,5,1,3182225),(2009,3,1,3182225),(2010,4,0,3182225),(2011,2,1,3182225),(2012,5,0,3182231),(2013,1,1,3182231),(2014,3,1,3182231),(2015,4,0,3182231),(2016,2,0,3182231),(2017,5,1,3182239),(2018,3,0,3182239),(2019,4,1,3182239),(2020,2,1,3182239),(2021,5,0,3182245),(2022,1,1,3182245),(2023,3,0,3182245),(2024,4,1,3182245),(2025,2,0,3182245),(2026,5,1,3182252),(2027,3,0,3182252),(2028,4,1,3182252),(2029,2,1,3182252),(2030,5,1,3182258),(2031,3,0,3182258),(2032,4,1,3182258),(2033,2,1,3182258),(2034,5,1,318234),(2035,3,0,318234),(2036,4,1,318234),(2037,2,1,318234),(2038,5,0,3182310),(2039,1,1,3182310),(2040,3,1,3182310),(2041,4,0,3182310),(2042,2,0,3182310),(2043,5,1,3182317),(2044,3,0,3182317),(2045,4,1,3182317),(2046,2,1,3182317),(2047,5,0,3182323),(2048,1,1,3182323),(2049,3,0,3182323),(2050,4,1,3182323),(2051,2,0,3182323),(2052,5,1,3182330),(2053,3,0,3182330),(2054,4,1,3182330),(2055,2,1,3182330),(2056,5,0,3182340),(2057,1,1,3182340),(2058,3,0,3182340),(2059,4,1,3182340),(2060,2,0,3182340),(2061,5,1,3182347),(2062,3,0,3182347),(2063,4,1,3182347),(2064,2,1,3182347),(2065,5,0,3182353),(2066,1,1,3182353),(2067,3,0,3182353),(2068,4,1,3182353),(2069,2,0,3182353),(2070,5,1,318240),(2071,3,1,318240),(2072,4,0,318240),(2073,2,1,318240),(2074,5,1,318246),(2075,3,0,318246),(2076,4,1,318246),(2077,2,1,318246),(2078,5,1,3182412),(2079,3,0,3182412),(2080,4,1,3182412),(2081,2,1,3182412),(2082,5,0,3182418),(2083,1,1,3182418),(2084,3,1,3182418),(2085,4,0,3182418),(2086,2,0,3182418),(2087,5,1,3182425),(2088,3,0,3182425),(2089,4,1,3182425),(2090,2,1,3182425),(2091,5,1,3182431),(2092,3,1,3182431),(2093,4,0,3182431),(2094,2,1,3182431),(2095,5,1,3182437),(2096,3,1,3182437),(2097,4,0,3182437),(2098,2,1,3182437),(2099,5,0,3182444),(2100,1,1,3182444),(2101,3,0,3182444),(2102,4,1,3182444),(2103,2,0,3182444),(2104,5,1,3182451),(2105,3,0,3182451),(2106,4,1,3182451),(2107,2,1,3182451),(2108,5,1,3182457),(2109,3,0,3182457),(2110,4,1,3182457),(2111,2,1,3182457),(2112,5,0,318253),(2113,1,1,318253),(2114,3,1,318253),(2115,4,0,318253),(2116,2,0,318253),(2117,5,1,3182510),(2118,3,1,3182510),(2119,4,0,3182510),(2120,2,1,3182510),(2121,5,0,3182516),(2122,1,1,3182516),(2123,3,0,3182516),(2124,4,1,3182516),(2125,2,0,3182516),(2126,5,1,3182523),(2127,3,0,3182523),(2128,4,1,3182523),(2129,2,1,3182523),(2130,5,0,3182529),(2131,1,1,3182529),(2132,3,0,3182529),(2133,4,1,3182529),(2134,2,0,3182529),(2135,5,0,3182624),(2136,1,0,3182624),(2137,3,1,3182624),(2138,4,0,3182624),(2139,2,0,3182624),(2140,5,0,3182630),(2141,1,0,3182630),(2142,3,0,3182630),(2143,4,1,3182630),(2144,2,0,3182630),(2145,5,0,3182636),(2146,1,0,3182636),(2147,3,0,3182636),(2148,4,1,3182636),(2149,2,0,3182636),(2150,5,0,3182643),(2151,1,0,3182643),(2152,3,1,3182643),(2153,4,0,3182643),(2154,2,0,3182643),(2155,5,0,3182648),(2156,1,0,3182648),(2157,3,0,3182648),(2158,4,1,3182648),(2159,2,0,3182648),(2160,5,0,3182655),(2161,1,0,3182655),(2162,3,0,3182655),(2163,4,1,3182655),(2164,2,0,3182655),(2165,5,0,318271),(2166,1,0,318271),(2167,3,1,318271),(2168,4,0,318271),(2169,2,0,318271),(2170,5,0,318277),(2171,1,0,318277),(2172,3,0,318277),(2173,4,1,318277),(2174,2,0,318277),(2175,5,0,3182713),(2176,1,0,3182713),(2177,3,1,3182713),(2178,4,0,3182713),(2179,2,0,3182713),(2180,5,0,3182719),(2181,1,0,3182719),(2182,3,0,3182719),(2183,4,1,3182719),(2184,2,0,3182719),(2185,5,0,3182727),(2186,1,0,3182727),(2187,3,1,3182727),(2188,4,0,3182727),(2189,2,0,3182727),(2190,5,0,3182733),(2191,1,1,3182733),(2192,3,0,3182733),(2193,4,1,3182733),(2194,2,0,3182733),(2195,5,0,3182740),(2196,1,1,3182740),(2197,3,1,3182740),(2198,4,0,3182740),(2199,2,0,3182740),(2200,5,0,3182747),(2201,1,1,3182747),(2202,3,1,3182747),(2203,4,0,3182747),(2204,2,0,3182747),(2205,5,0,3182755),(2206,1,1,3182755),(2207,3,0,3182755),(2208,4,1,3182755),(2209,2,0,3182755),(2210,5,0,318282),(2211,1,1,318282),(2212,3,1,318282),(2213,4,0,318282),(2214,2,0,318282),(2215,5,0,318289),(2216,1,1,318289),(2217,3,1,318289),(2218,4,0,318289),(2219,2,0,318289),(2220,5,0,3182816),(2221,1,1,3182816),(2222,3,1,3182816),(2223,4,0,3182816),(2224,2,0,3182816),(2225,5,0,3182823),(2226,1,1,3182823),(2227,3,0,3182823),(2228,4,1,3182823),(2229,2,0,3182823),(2230,5,0,3182830),(2231,1,1,3182830),(2232,3,0,3182830),(2233,4,1,3182830),(2234,2,0,3182830),(2235,5,0,3182837),(2236,1,1,3182837),(2237,3,1,3182837),(2238,4,0,3182837),(2239,2,0,3182837),(2240,5,0,3182845),(2241,1,1,3182845),(2242,3,0,3182845),(2243,4,1,3182845),(2244,2,0,3182845),(2245,5,0,3182853),(2246,1,1,3182853),(2247,3,1,3182853),(2248,4,0,3182853),(2249,2,0,3182853),(2250,5,0,318290),(2251,1,1,318290),(2252,3,0,318290),(2253,4,1,318290),(2254,2,0,318290),(2255,5,0,318298),(2256,1,1,318298),(2257,3,1,318298),(2258,4,0,318298),(2259,2,0,318298),(2260,5,0,3182915),(2261,1,1,3182915),(2262,3,0,3182915),(2263,4,1,3182915),(2264,2,0,3182915),(2265,5,0,3182923),(2266,1,1,3182923),(2267,3,1,3182923),(2268,4,0,3182923),(2269,2,0,3182923),(2270,5,0,3182931),(2271,1,1,3182931),(2272,3,1,3182931),(2273,4,0,3182931),(2274,2,0,3182931),(2275,5,0,3182938),(2276,1,1,3182938),(2277,3,1,3182938),(2278,4,0,3182938),(2279,2,0,3182938),(2280,5,0,3182946),(2281,1,1,3182946),(2282,3,1,3182946),(2283,4,0,3182946),(2284,2,0,3182946),(2285,5,0,3182956),(2286,1,1,3182956),(2287,3,0,3182956),(2288,4,1,3182956),(2289,2,0,3182956),(2290,5,0,318304),(2291,1,1,318304),(2292,3,1,318304),(2293,4,0,318304),(2294,2,0,318304),(2295,5,0,3183011),(2296,1,1,3183011),(2297,3,0,3183011),(2298,4,1,3183011),(2299,2,0,3183011),(2300,5,0,3183019),(2301,1,1,3183019),(2302,3,0,3183019),(2303,4,1,3183019),(2304,2,0,3183019),(2305,5,0,3183026),(2306,1,1,3183026),(2307,3,0,3183026),(2308,4,1,3183026),(2309,2,1,3183026),(2310,5,0,3183034),(2311,1,1,3183034),(2312,3,0,3183034),(2313,4,1,3183034),(2314,2,1,3183034),(2315,5,0,3183041),(2316,1,1,3183041),(2317,3,1,3183041),(2318,4,0,3183041),(2319,2,0,3183041),(2320,5,0,3183050),(2321,1,1,3183050),(2322,3,0,3183050),(2323,4,1,3183050),(2324,2,0,3183050),(2325,5,0,3183058),(2326,1,1,3183058),(2327,3,1,3183058),(2328,4,0,3183058),(2329,2,0,3183058),(2330,5,0,318316),(2331,1,1,318316),(2332,3,1,318316),(2333,4,0,318316),(2334,2,0,318316),(2335,5,0,3183826),(2336,1,1,3183826),(2337,3,1,3183826),(2338,4,0,3183826),(2339,2,0,3183826),(2340,5,0,3183833),(2341,1,1,3183833),(2342,3,1,3183833),(2343,4,0,3183833),(2344,2,0,3183833),(2345,5,0,3183841),(2346,1,1,3183841),(2347,3,0,3183841),(2348,4,1,3183841),(2349,2,0,3183841),(2350,5,0,3183848),(2351,1,1,3183848),(2352,3,1,3183848),(2353,4,0,3183848),(2354,2,0,3183848),(2355,5,0,3183855),(2356,1,0,3183855),(2357,3,0,3183855),(2358,4,1,3183855),(2359,2,0,3183855),(2360,5,0,318391),(2361,1,0,318391),(2362,3,0,318391),(2363,4,1,318391),(2364,2,0,318391),(2365,5,0,318397),(2366,1,0,318397),(2367,3,0,318397),(2368,4,1,318397),(2369,2,0,318397),(2370,5,0,3183916),(2371,1,0,3183916),(2372,3,1,3183916),(2373,4,0,3183916),(2374,2,0,3183916),(2375,5,0,3183923),(2376,1,0,3183923),(2377,3,1,3183923),(2378,4,0,3183923),(2379,2,0,3183923);
/*!40000 ALTER TABLE `actuador_valor` ENABLE KEYS */;
UNLOCK TABLES;

--
-- Table structure for table `dispositivo`
--

DROP TABLE IF EXISTS `dispositivo`;
/*!40101 SET @saved_cs_client     = @@character_set_client */;
/*!50503 SET character_set_client = utf8mb4 */;
CREATE TABLE `dispositivo` (
  `id_dispositivo` int NOT NULL,
  `ip` varchar(45) DEFAULT NULL,
  `nombre` varchar(45) DEFAULT NULL,
  `id_planta` int NOT NULL,
  `tiempoInicial` bigint DEFAULT NULL,
  PRIMARY KEY (`id_dispositivo`),
  KEY `dispositivo_planta_idx` (`id_planta`),
  CONSTRAINT `dispositivo_planta` FOREIGN KEY (`id_planta`) REFERENCES `planta` (`id_planta`) ON DELETE CASCADE ON UPDATE CASCADE
) ENGINE=InnoDB DEFAULT CHARSET=utf8mb4 COLLATE=utf8mb4_0900_ai_ci;
/*!40101 SET character_set_client = @saved_cs_client */;

--
-- Dumping data for table `dispositivo`
--

LOCK TABLES `dispositivo` WRITE;
/*!40000 ALTER TABLE `dispositivo` DISABLE KEYS */;
INSERT INTO `dispositivo` VALUES (1,'192.168.0.108','CruzVerde_Aloevera',1,123456789);
/*!40000 ALTER TABLE `dispositivo` ENABLE KEYS */;
UNLOCK TABLES;

--
-- Table structure for table `planta`
--

DROP TABLE IF EXISTS `planta`;
/*!40101 SET @saved_cs_client     = @@character_set_client */;
/*!50503 SET character_set_client = utf8mb4 */;
CREATE TABLE `planta` (
  `id_planta` int NOT NULL AUTO_INCREMENT,
  `nombre_planta` varchar(45) NOT NULL,
  `temp_amb_planta` float NOT NULL,
  `humed_tierra_planta` float NOT NULL,
  PRIMARY KEY (`id_planta`)
) ENGINE=InnoDB AUTO_INCREMENT=16 DEFAULT CHARSET=utf8mb4 COLLATE=utf8mb4_0900_ai_ci;
/*!40101 SET character_set_client = @saved_cs_client */;

--
-- Dumping data for table `planta`
--

LOCK TABLES `planta` WRITE;
/*!40000 ALTER TABLE `planta` DISABLE KEYS */;
INSERT INTO `planta` VALUES (1,'Aloevera',25,40),(2,'Rosal',10,70),(3,'Romero',27,25),(6,'Tomatera',10,50),(12,'Tulipan',30,25),(13,'hcgg',2,2),(14,'vdkx',10,10),(15,'hdjdndb',1,1);
/*!40000 ALTER TABLE `planta` ENABLE KEYS */;
UNLOCK TABLES;

--
-- Table structure for table `sensor`
--

DROP TABLE IF EXISTS `sensor`;
/*!40101 SET @saved_cs_client     = @@character_set_client */;
/*!50503 SET character_set_client = utf8mb4 */;
CREATE TABLE `sensor` (
  `id_sensor` int NOT NULL AUTO_INCREMENT,
  `tipo` varchar(45) NOT NULL,
  `nombre` varchar(45) NOT NULL,
  `id_dispositivo` int NOT NULL,
  PRIMARY KEY (`id_sensor`),
  KEY `sensor_dispositivo_idx` (`id_dispositivo`),
  CONSTRAINT `sensor_dispositivo` FOREIGN KEY (`id_dispositivo`) REFERENCES `dispositivo` (`id_dispositivo`) ON DELETE CASCADE ON UPDATE CASCADE
) ENGINE=InnoDB AUTO_INCREMENT=342 DEFAULT CHARSET=utf8mb4 COLLATE=utf8mb4_0900_ai_ci;
/*!40101 SET character_set_client = @saved_cs_client */;

--
-- Dumping data for table `sensor`
--

LOCK TABLES `sensor` WRITE;
/*!40000 ALTER TABLE `sensor` DISABLE KEYS */;
INSERT INTO `sensor` VALUES (1,'temp','temp_aloevera',1),(2,'humed','humed_aloevera',1),(3,'liquido','tanque_aloevera',1),(4,'luz','luz_aloevera',1);
/*!40000 ALTER TABLE `sensor` ENABLE KEYS */;
UNLOCK TABLES;

--
-- Table structure for table `sensor_valor`
--

DROP TABLE IF EXISTS `sensor_valor`;
/*!40101 SET @saved_cs_client     = @@character_set_client */;
/*!50503 SET character_set_client = utf8mb4 */;
CREATE TABLE `sensor_valor` (
  `id_sensor_valor` int NOT NULL AUTO_INCREMENT,
  `id_sensor` int NOT NULL,
  `valor` float NOT NULL,
  `precision_valor` float NOT NULL,
  `tiempo` bigint NOT NULL,
  PRIMARY KEY (`id_sensor_valor`),
  KEY `sensor_valor_sensor_idx` (`id_sensor`),
  CONSTRAINT `sensor_valor_sensor` FOREIGN KEY (`id_sensor`) REFERENCES `sensor` (`id_sensor`) ON DELETE CASCADE ON UPDATE CASCADE
) ENGINE=InnoDB AUTO_INCREMENT=2210 DEFAULT CHARSET=utf8mb4 COLLATE=utf8mb4_0900_ai_ci;
/*!40101 SET character_set_client = @saved_cs_client */;

--
-- Dumping data for table `sensor_valor`
--

LOCK TABLES `sensor_valor` WRITE;
/*!40000 ALTER TABLE `sensor_valor` DISABLE KEYS */;
INSERT INTO `sensor_valor` VALUES (1,1,30,0,123456789),(2,2,50,0,1345654321),(3,3,25,0,12345432345),(4,4,90,0,234532345),(5,1,1,0,12345678),(1352,1,7,2,2195618),(1353,2,100,2,2195618),(1354,3,0,2,2195618),(1355,4,0,2,2195618),(1356,1,29,2,2195624),(1357,2,98,2,2195624),(1358,3,0,2,2195624),(1359,4,10,2,2195624),(1360,1,18,2,2195631),(1361,2,69,2,2195631),(1362,3,10,2,2195631),(1363,4,31,2,2195631),(1364,1,3,2,2195637),(1365,2,90,2,2195637),(1366,3,3,2,2195637),(1367,4,9,2,2195637),(1368,1,3,2,2195643),(1369,2,95,2,2195643),(1370,3,1,2,2195643),(1371,4,5,2,2195643),(1372,1,35,2,2195649),(1373,2,67,2,2195649),(1374,3,10,2,2195649),(1375,4,35,2,2195649),(1376,1,18,2,2195654),(1377,2,100,2,2195654),(1378,3,0,2,2195654),(1379,4,0,2,2195654),(1380,1,12,2,219570),(1381,2,100,2,219570),(1382,3,0,2,219570),(1383,4,0,2,219570),(1384,1,35,2,219576),(1385,2,69,2,219576),(1386,3,4,2,219576),(1387,4,37,2,219576),(1388,1,25,2,2195715),(1389,2,75,2,2195715),(1390,3,8,2,2195715),(1391,4,25,2,2195715),(1392,1,23,2,2195722),(1393,2,100,2,2195722),(1394,3,0,2,2195722),(1395,4,0,2,2195722),(1396,1,47,2,2195727),(1397,2,100,2,2195727),(1398,3,0,2,2195727),(1399,4,0,2,2195727),(1400,1,20,2,2195733),(1401,2,100,2,2195733),(1402,3,0,2,2195733),(1403,4,0,2,2195733),(1404,1,47,2,2195739),(1405,2,69,2,2195739),(1406,3,4,2,2195739),(1407,4,36,2,2195739),(1408,1,12,2,2195745),(1409,2,100,2,2195745),(1410,3,0,2,2195745),(1411,4,0,2,2195745),(1412,1,0,2,2195751),(1413,2,100,2,2195751),(1414,3,0,2,2195751),(1415,4,0,2,2195751),(1416,1,41,2,2195757),(1417,2,66,2,2195757),(1418,3,8,2,2195757),(1419,4,36,2,2195757),(1420,1,10,2,219582),(1421,2,99,2,219582),(1422,3,0,2,219582),(1423,4,1,2,219582),(1424,1,45,2,219588),(1425,2,91,2,219588),(1426,3,3,2,219588),(1427,4,9,2,219588),(1428,1,23,2,2195814),(1429,2,100,2,2195814),(1430,1,25,2,3173746),(1431,2,100,2,3173746),(1432,3,0,2,3173746),(1433,4,0,2,3173746),(1434,1,6,2,3173751),(1435,2,100,2,3173751),(1436,3,0,2,3173751),(1437,4,0,2,3173751),(1438,1,0,2,3173758),(1439,2,100,2,3173758),(1440,3,0,2,3173758),(1441,4,0,2,3173758),(1442,1,45,2,317384),(1443,2,100,2,317384),(1444,3,0,2,317384),(1445,4,0,2,317384),(1446,1,17,2,3173810),(1447,2,8,2,3173810),(1448,3,100,2,3173810),(1449,4,90,2,3173810),(1450,1,41,2,3173817),(1451,2,100,2,3173817),(1452,3,0,2,3173817),(1453,4,0,2,3173817),(1454,1,11,2,3173824),(1455,2,100,2,3173824),(1456,3,0,2,3173824),(1457,4,0,2,3173824),(1458,1,42,2,3173830),(1459,2,7,2,3173830),(1460,3,100,2,3173830),(1461,4,88,2,3173830),(1462,1,38,2,3173838),(1463,2,100,2,3173838),(1464,3,0,2,3173838),(1465,4,0,2,3173838),(1466,1,41,2,3173845),(1467,2,8,2,3173845),(1468,3,100,2,3173845),(1469,4,87,2,3173845),(1470,1,18,2,317396),(1471,2,98,2,317396),(1472,3,0,2,317396),(1473,4,0,2,317396),(1474,1,0,2,3173912),(1475,2,100,2,3173912),(1476,3,0,2,3173912),(1477,4,0,2,3173912),(1478,1,9,2,3173917),(1479,2,99,2,3173917),(1480,3,0,2,3173917),(1481,4,0,2,3173917),(1482,1,27,2,3173923),(1483,2,100,2,3173923),(1484,3,0,2,3173923),(1485,4,2,2,3173923),(1486,1,12,2,3173929),(1487,2,98,2,3173929),(1488,3,1,2,3173929),(1489,4,1,2,3173929),(1490,1,4,2,3173953),(1491,2,100,2,3173953),(1492,3,0,2,3173953),(1493,4,0,2,3173953),(1494,1,7,2,3174017),(1495,2,100,2,3174017),(1496,3,0,2,3174017),(1497,4,0,2,3174017),(1498,1,45,2,3174023),(1499,2,93,2,3174023),(1500,3,100,2,3174023),(1501,4,19,2,3174023),(1502,1,25,2,3174029),(1503,2,100,2,3174029),(1504,3,0,2,3174029),(1505,4,0,2,3174029),(1506,1,44,2,3174036),(1507,2,84,2,3174036),(1508,3,100,2,3174036),(1509,4,31,2,3174036),(1510,1,15,2,3174043),(1511,2,100,2,3174043),(1512,3,0,2,3174043),(1513,4,0,2,3174043),(1514,1,29,2,3174048),(1515,2,66,2,3174048),(1516,3,5,2,3174048),(1517,4,44,2,3174048),(1518,1,19,2,3174219),(1519,2,99,2,3174219),(1520,3,0,2,3174219),(1521,4,1,2,3174219),(1522,1,28,2,3174225),(1523,2,99,2,3174225),(1524,3,0,2,3174225),(1525,4,4,2,3174225),(1526,1,7,2,3174231),(1527,2,82,2,3174231),(1528,3,4,2,3174231),(1529,4,16,2,3174231),(1530,1,37,2,3174237),(1531,2,92,2,3174237),(1532,3,0,2,3174237),(1533,4,11,2,3174237),(1534,1,19,2,3174243),(1535,2,77,2,3174243),(1536,3,2,2,3174243),(1537,4,23,2,3174243),(1538,1,43,2,3174252),(1539,2,100,2,3174252),(1540,3,0,2,3174252),(1541,4,0,2,3174252),(1542,1,15,2,3174258),(1543,2,100,2,3174258),(1544,3,0,2,3174258),(1545,4,0,2,3174258),(1546,1,33,2,317434),(1547,2,100,2,317434),(1548,3,0,2,317434),(1549,4,0,2,317434),(1550,1,5,2,3174310),(1551,2,100,2,3174310),(1552,3,0,2,3174310),(1553,4,0,2,3174310),(1554,1,3,2,3174316),(1555,2,100,2,3174316),(1556,3,0,2,3174316),(1557,4,0,2,3174316),(1558,1,0,2,3174322),(1559,2,100,2,3174322),(1560,3,0,2,3174322),(1561,4,0,2,3174322),(1562,1,25,2,3174329),(1563,2,100,2,3174329),(1564,3,0,2,3174329),(1565,4,0,2,3174329),(1566,1,13,2,3174335),(1567,2,100,2,3174335),(1568,3,0,2,3174335),(1569,4,0,2,3174335),(1570,1,19,2,3174342),(1571,2,49,2,3174342),(1572,3,38,2,3174342),(1573,4,47,2,3174342),(1574,1,21,2,3174348),(1575,2,100,2,3174348),(1576,3,0,2,3174348),(1577,4,0,2,3174348),(1578,1,1,2,3174356),(1579,2,100,2,3174356),(1580,3,0,2,3174356),(1581,4,0,2,3174356),(1582,1,7,2,317442),(1583,2,100,2,317442),(1584,3,0,2,317442),(1585,4,0,2,317442),(1586,1,13,2,317448),(1587,2,100,2,317448),(1588,3,0,2,317448),(1589,4,0,2,317448),(1590,1,8,2,3174415),(1591,2,100,2,3174415),(1592,3,0,2,3174415),(1593,4,0,2,3174415),(1594,1,15,2,3174431),(1595,2,100,2,3174431),(1596,3,0,2,3174431),(1597,4,0,2,3174431),(1598,1,20,2,3174445),(1599,2,100,2,3174445),(1600,3,0,2,3174445),(1601,4,0,2,3174445),(1602,1,45,2,3174455),(1603,2,100,2,3174455),(1604,3,0,2,3174455),(1605,4,0,2,3174455),(1606,1,43,2,3174519),(1607,2,100,2,3174519),(1608,3,0,2,3174519),(1609,4,0,2,3174519),(1610,2,100,2,3174525),(1611,3,0,2,3174525),(1612,4,0,2,3174525),(1613,1,10,2,3174525),(1614,1,20,2,3174543),(1615,2,100,2,3174543),(1616,3,0,2,3174543),(1617,4,0,2,3174543),(1618,1,44,2,3174751),(1619,2,100,2,3174751),(1620,3,0,2,3174751),(1621,4,0,2,3174751),(1622,1,6,2,3174757),(1623,2,0,2,3174757),(1624,3,100,2,3174757),(1625,4,100,2,3174757),(1626,1,6,2,317485),(1627,2,100,2,317485),(1628,3,0,2,317485),(1629,4,0,2,317485),(1630,1,2,2,3174811),(1631,2,0,2,3174811),(1632,3,100,2,3174811),(1633,4,100,2,3174811),(1634,1,0,2,3174834),(1635,2,100,2,3174834),(1636,3,0,2,3174834),(1637,4,0,2,3174834),(1638,1,34,2,3174841),(1639,2,0,2,3174841),(1640,3,100,2,3174841),(1641,4,100,2,3174841),(1642,1,37,2,3174851),(1643,2,100,2,3174851),(1644,3,0,2,3174851),(1645,4,0,2,3174851),(1646,1,7,2,3174858),(1647,2,0,2,3174858),(1648,3,100,2,3174858),(1649,4,100,2,3174858),(1650,1,35,2,317494),(1651,2,100,2,317494),(1652,3,0,2,317494),(1653,4,0,2,317494),(1654,1,15,2,3174937),(1655,2,0,2,3174937),(1656,3,0,2,3174937),(1657,4,100,2,3174937),(1658,1,48,2,3174944),(1659,2,0,2,3174944),(1660,3,100,2,3174944),(1661,4,100,2,3174944),(1662,1,7,2,3174952),(1663,2,0,2,3174952),(1664,3,0,2,3174952),(1665,4,100,2,3174952),(1666,1,29,2,3174958),(1667,2,58,2,3174958),(1668,3,0,2,3174958),(1669,4,100,2,3174958),(1670,1,30,2,317504),(1671,2,54,2,317504),(1672,3,0,2,317504),(1673,4,100,2,317504),(1674,1,44,2,3175010),(1675,2,56,2,3175010),(1676,3,0,2,3175010),(1677,4,100,2,3175010),(1678,1,18,2,3175016),(1679,2,0,2,3175016),(1680,3,100,2,3175016),(1681,4,100,2,3175016),(1682,1,6,2,3175023),(1683,2,0,2,3175023),(1684,3,0,2,3175023),(1685,4,100,2,3175023),(1686,1,20,2,3175029),(1687,2,0,2,3175029),(1688,3,100,2,3175029),(1689,4,100,2,3175029),(1690,1,0,2,3175036),(1691,2,0,2,3175036),(1692,3,0,2,3175036),(1693,4,100,2,3175036),(1694,1,0,2,3175043),(1695,2,28,2,3175043),(1696,3,0,2,3175043),(1697,4,100,2,3175043),(1698,1,49,2,3175049),(1699,2,55,2,3175049),(1700,3,0,2,3175049),(1701,4,100,2,3175049),(1702,1,26,2,3175055),(1703,2,59,2,3175055),(1704,3,0,2,3175055),(1705,4,100,2,3175055),(1706,1,27,2,3175140),(1707,2,0,2,3175140),(1708,3,0,2,3175140),(1709,4,100,2,3175140),(1710,1,14,2,3175145),(1711,2,58,2,3175145),(1712,3,0,2,3175145),(1713,4,100,2,3175145),(1714,1,29,2,3175151),(1715,2,0,2,3175151),(1716,3,100,2,3175151),(1717,4,100,2,3175151),(1718,1,40,2,3175158),(1719,2,0,2,3175158),(1720,3,0,2,3175158),(1721,4,100,2,3175158),(1722,1,29,2,317524),(1723,2,57,2,317524),(1724,3,0,2,317524),(1725,4,100,2,317524),(1726,1,24,2,3175210),(1727,2,0,2,3175210),(1728,3,100,2,3175210),(1729,4,100,2,3175210),(1730,1,8,2,3175217),(1731,2,0,2,3175217),(1732,3,0,2,3175217),(1733,4,100,2,3175217),(1734,1,4,2,3175223),(1735,2,59,2,3175223),(1736,3,0,2,3175223),(1737,4,100,2,3175223),(1738,1,1,2,3175229),(1739,2,60,2,3175229),(1740,3,0,2,3175229),(1741,4,100,2,3175229),(1742,1,8,2,3175235),(1743,2,67,2,3175235),(1744,3,0,2,3175235),(1745,4,98,2,3175235),(1746,1,41,2,3175245),(1747,2,0,2,3175245),(1748,3,100,2,3175245),(1749,4,100,2,3175245),(1750,1,34,2,3175253),(1751,2,0,2,3175253),(1752,3,0,2,3175253),(1753,4,100,2,3175253),(1754,1,42,2,3175259),(1755,2,58,2,3175259),(1756,3,0,2,3175259),(1757,4,100,2,3175259),(1758,1,9,2,317535),(1759,2,0,2,317535),(1760,3,100,2,317535),(1761,4,100,2,317535),(1762,1,27,2,3175312),(1763,2,0,2,3175312),(1764,3,0,2,3175312),(1765,4,100,2,3175312),(1766,1,38,2,3175326),(1767,2,46,2,3175326),(1768,3,0,2,3175326),(1769,4,100,2,3175326),(1770,1,14,2,3175334),(1771,2,100,2,3175334),(1772,3,0,2,3175334),(1773,4,0,2,3175334),(1774,1,26,2,3175342),(1775,2,100,2,3175342),(1776,3,0,2,3175342),(1777,4,0,2,3175342),(1778,1,21,2,3175348),(1779,2,33,2,3175348),(1780,3,0,2,3175348),(1781,4,7,2,3175348),(1782,1,38,2,3175354),(1783,2,0,2,3175354),(1784,3,100,2,3175354),(1785,4,100,2,3175354),(1786,1,14,2,317541),(1787,2,0,2,317541),(1788,3,0,2,317541),(1789,4,100,2,317541),(1790,1,10,2,317547),(1791,2,0,2,317547),(1792,3,100,2,317547),(1793,4,100,2,317547),(1794,1,37,2,3175414),(1795,2,0,2,3175414),(1796,3,0,2,3175414),(1797,4,100,2,3175414),(1798,1,19,2,3175420),(1799,2,0,2,3175420),(1800,3,100,2,3175420),(1801,4,100,2,3175420),(1802,1,47,2,3175428),(1803,2,0,2,3175428),(1804,3,0,2,3175428),(1805,4,100,2,3175428),(1806,1,22,2,3175434),(1807,2,0,2,3175434),(1808,3,100,2,3175434),(1809,4,100,2,3175434),(1810,1,28,2,3175441),(1811,2,100,2,3175441),(1812,3,0,2,3175441),(1813,4,0,2,3175441),(1814,1,23,2,3175450),(1815,2,0,2,3175450),(1816,3,100,2,3175450),(1817,4,100,2,3175450),(1818,1,30,2,3175457),(1819,2,100,2,3175457),(1820,3,0,2,3175457),(1821,4,0,2,3175457),(1822,1,42,2,317553),(1823,2,100,2,317553),(1824,3,0,2,317553),(1825,4,0,2,317553),(1826,1,45,2,317559),(1827,2,100,2,317559),(1828,3,0,2,317559),(1829,4,0,2,317559),(1830,1,0,2,3182029),(1831,2,100,2,3182029),(1832,3,0,2,3182029),(1833,4,0,2,3182029),(1834,1,21,2,3182035),(1835,2,100,2,3182035),(1836,3,0,2,3182035),(1837,4,0,2,3182035),(1838,1,10,2,3182042),(1839,2,0,2,3182042),(1840,3,100,2,3182042),(1841,4,100,2,3182042),(1842,1,27,2,3182049),(1843,2,100,2,3182049),(1844,3,0,2,3182049),(1845,4,0,2,3182049),(1846,1,1,2,3182055),(1847,2,0,2,3182055),(1848,3,100,2,3182055),(1849,4,100,2,3182055),(1850,1,37,2,318212),(1851,2,100,2,318212),(1852,3,0,2,318212),(1853,4,0,2,318212),(1854,1,20,2,3182111),(1855,2,100,2,3182111),(1856,3,0,2,3182111),(1857,4,0,2,3182111),(1858,1,5,2,3182118),(1859,2,0,2,3182118),(1860,3,100,2,3182118),(1861,4,100,2,3182118),(1862,1,22,2,3182125),(1863,2,100,2,3182125),(1864,3,0,2,3182125),(1865,4,0,2,3182125),(1866,1,45,2,3182132),(1867,2,100,2,3182132),(1868,3,0,2,3182132),(1869,4,0,2,3182132),(1870,1,38,2,3182139),(1871,2,100,2,3182139),(1872,3,0,2,3182139),(1873,4,0,2,3182139),(1874,1,28,2,3182145),(1875,2,100,2,3182145),(1876,3,0,2,3182145),(1877,4,0,2,3182145),(1878,1,12,2,3182151),(1879,2,0,2,3182151),(1880,3,100,2,3182151),(1881,4,100,2,3182151),(1882,1,45,2,3182158),(1883,2,100,2,3182158),(1884,3,0,2,3182158),(1885,4,0,2,3182158),(1886,1,30,2,318224),(1887,2,0,2,318224),(1888,3,100,2,318224),(1889,4,100,2,318224),(1890,1,16,2,3182212),(1891,2,100,2,3182212),(1892,3,0,2,3182212),(1893,4,0,2,3182212),(1894,1,17,2,3182218),(1895,2,0,2,3182218),(1896,3,100,2,3182218),(1897,4,100,2,3182218),(1898,1,15,2,3182225),(1899,2,100,2,3182225),(1900,3,0,2,3182225),(1901,4,0,2,3182225),(1902,1,4,2,3182231),(1903,2,0,2,3182231),(1904,3,100,2,3182231),(1905,4,100,2,3182231),(1906,1,33,2,3182239),(1907,2,100,2,3182239),(1908,3,0,2,3182239),(1909,4,0,2,3182239),(1910,1,42,2,3182245),(1911,2,0,2,3182245),(1912,3,100,2,3182245),(1913,4,100,2,3182245),(1914,1,43,2,3182252),(1915,2,100,2,3182252),(1916,3,0,2,3182252),(1917,4,0,2,3182252),(1918,1,36,2,3182258),(1919,2,100,2,3182258),(1920,3,0,2,3182258),(1921,4,0,2,3182258),(1922,1,32,2,318234),(1923,2,100,2,318234),(1924,3,0,2,318234),(1925,4,0,2,318234),(1926,1,8,2,3182310),(1927,2,0,2,3182310),(1928,3,100,2,3182310),(1929,4,100,2,3182310),(1930,1,44,2,3182317),(1931,2,100,2,3182317),(1932,3,0,2,3182317),(1933,4,0,2,3182317),(1934,1,40,2,3182323),(1935,2,0,2,3182323),(1936,3,100,2,3182323),(1937,4,100,2,3182323),(1938,1,47,2,3182330),(1939,2,100,2,3182330),(1940,3,0,2,3182330),(1941,4,0,2,3182330),(1942,1,26,2,3182340),(1943,2,0,2,3182340),(1944,3,100,2,3182340),(1945,4,100,2,3182340),(1946,1,29,2,3182347),(1947,2,100,2,3182347),(1948,3,0,2,3182347),(1949,4,0,2,3182347),(1950,1,36,2,3182353),(1951,2,0,2,3182353),(1952,3,100,2,3182353),(1953,4,100,2,3182353),(1954,1,14,2,318240),(1955,2,100,2,318240),(1956,3,0,2,318240),(1957,4,0,2,318240),(1958,1,34,2,318246),(1959,2,100,2,318246),(1960,3,0,2,318246),(1961,4,0,2,318246),(1962,1,39,2,3182412),(1963,2,100,2,3182412),(1964,3,0,2,3182412),(1965,4,0,2,3182412),(1966,1,18,2,3182418),(1967,2,0,2,3182418),(1968,3,100,2,3182418),(1969,4,100,2,3182418),(1970,1,37,2,3182425),(1971,2,100,2,3182425),(1972,3,0,2,3182425),(1973,4,0,2,3182425),(1974,1,9,2,3182431),(1975,2,100,2,3182431),(1976,3,0,2,3182431),(1977,4,0,2,3182431),(1978,1,10,2,3182437),(1979,2,100,2,3182437),(1980,3,0,2,3182437),(1981,4,0,2,3182437),(1982,1,36,2,3182444),(1983,2,0,2,3182444),(1984,3,100,2,3182444),(1985,4,100,2,3182444),(1986,1,30,2,3182451),(1987,2,100,2,3182451),(1988,3,0,2,3182451),(1989,4,0,2,3182451),(1990,1,32,2,3182457),(1991,2,100,2,3182457),(1992,3,0,2,3182457),(1993,4,0,2,3182457),(1994,1,20,2,318253),(1995,2,0,2,318253),(1996,3,100,2,318253),(1997,4,100,2,318253),(1998,1,14,2,3182510),(1999,2,100,2,3182510),(2000,3,0,2,3182510),(2001,4,0,2,3182510),(2002,1,23,2,3182516),(2003,2,0,2,3182516),(2004,3,100,2,3182516),(2005,4,100,2,3182516),(2006,1,40,2,3182523),(2007,2,100,2,3182523),(2008,3,0,2,3182523),(2009,4,0,2,3182523),(2010,1,48,2,3182529),(2011,2,0,2,3182529),(2012,3,100,2,3182529),(2013,4,100,2,3182529),(2014,1,14,2,3182624),(2015,2,68,2,3182624),(2016,3,42,2,3182624),(2017,4,100,2,3182624),(2018,1,28,2,3182630),(2019,2,71,2,3182630),(2020,3,41,2,3182630),(2021,4,100,2,3182630),(2022,1,44,2,3182636),(2023,2,68,2,3182636),(2024,3,40,2,3182636),(2025,4,100,2,3182636),(2026,1,14,2,3182643),(2027,2,68,2,3182643),(2028,3,40,2,3182643),(2029,4,100,2,3182643),(2030,1,48,2,3182648),(2031,2,69,2,3182648),(2032,3,39,2,3182648),(2033,4,100,2,3182648),(2034,1,47,2,3182655),(2035,2,65,2,3182655),(2036,3,38,2,3182655),(2037,4,100,2,3182655),(2038,1,3,2,318271),(2039,2,64,2,318271),(2040,3,36,2,318271),(2041,4,100,2,318271),(2042,1,49,2,318277),(2043,2,64,2,318277),(2044,3,37,2,318277),(2045,4,100,2,318277),(2046,1,11,2,3182713),(2047,2,61,2,3182713),(2048,3,37,2,3182713),(2049,4,100,2,3182713),(2050,1,39,2,3182719),(2051,2,60,2,3182719),(2052,3,39,2,3182719),(2053,4,100,2,3182719),(2054,1,2,2,3182727),(2055,2,62,2,3182727),(2056,3,37,2,3182727),(2057,4,100,2,3182727),(2058,1,39,2,3182733),(2059,2,59,2,3182733),(2060,3,39,2,3182733),(2061,4,100,2,3182733),(2062,1,13,2,3182740),(2063,2,60,2,3182740),(2064,3,34,2,3182740),(2065,4,100,2,3182740),(2066,1,1,2,3182747),(2067,2,60,2,3182747),(2068,3,35,2,3182747),(2069,4,100,2,3182747),(2070,1,31,2,3182755),(2071,2,62,2,3182755),(2072,3,36,2,3182755),(2073,4,100,2,3182755),(2074,1,7,2,318282),(2075,2,62,2,318282),(2076,3,36,2,318282),(2077,4,100,2,318282),(2078,1,28,2,318289),(2079,2,58,2,318289),(2080,3,36,2,318289),(2081,4,100,2,318289),(2082,1,24,2,3182816),(2083,2,59,2,3182816),(2084,3,37,2,3182816),(2085,4,100,2,3182816),(2086,1,32,2,3182823),(2087,2,60,2,3182823),(2088,3,37,2,3182823),(2089,4,100,2,3182823),(2090,1,43,2,3182830),(2091,2,60,2,3182830),(2092,3,38,2,3182830),(2093,4,100,2,3182830),(2094,1,0,2,3182837),(2095,2,62,2,3182837),(2096,3,35,2,3182837),(2097,4,100,2,3182837),(2098,1,34,2,3182845),(2099,2,62,2,3182845),(2100,3,37,2,3182845),(2101,4,100,2,3182845),(2102,1,12,2,3182853),(2103,2,63,2,3182853),(2104,3,34,2,3182853),(2105,4,100,2,3182853),(2106,1,45,2,318290),(2107,2,62,2,318290),(2108,3,37,2,318290),(2109,4,100,2,318290),(2110,1,16,2,318298),(2111,2,63,2,318298),(2112,3,34,2,318298),(2113,4,100,2,318298),(2114,1,38,2,3182915),(2115,2,61,2,3182915),(2116,3,34,2,3182915),(2117,4,100,2,3182915),(2118,1,6,2,3182923),(2119,2,63,2,3182923),(2120,3,33,2,3182923),(2121,4,100,2,3182923),(2122,1,14,2,3182931),(2123,2,61,2,3182931),(2124,3,34,2,3182931),(2125,4,100,2,3182931),(2126,1,24,2,3182938),(2127,2,64,2,3182938),(2128,3,36,2,3182938),(2129,4,100,2,3182938),(2130,1,25,2,3182946),(2131,2,61,2,3182946),(2132,3,34,2,3182946),(2133,4,100,2,3182946),(2134,1,39,2,3182956),(2135,2,61,2,3182956),(2136,3,37,2,3182956),(2137,4,100,2,3182956),(2138,1,0,2,318304),(2139,2,62,2,318304),(2140,3,34,2,318304),(2141,4,100,2,318304),(2142,1,43,2,3183011),(2143,2,60,2,3183011),(2144,3,36,2,3183011),(2145,4,100,2,3183011),(2146,1,43,2,3183019),(2147,2,64,2,3183019),(2148,3,35,2,3183019),(2149,4,100,2,3183019),(2150,1,32,2,3183026),(2151,2,61,2,3183026),(2152,3,36,2,3183026),(2153,4,12,2,3183026),(2154,1,34,2,3183034),(2155,2,60,2,3183034),(2156,3,34,2,3183034),(2157,4,1,2,3183034),(2158,1,26,2,3183041),(2159,2,62,2,3183041),(2160,3,33,2,3183041),(2161,4,100,2,3183041),(2162,1,39,2,3183050),(2163,2,64,2,3183050),(2164,3,34,2,3183050),(2165,4,100,2,3183050),(2166,1,23,2,3183058),(2167,2,60,2,3183058),(2168,3,35,2,3183058),(2169,4,100,2,3183058),(2170,1,19,2,318316),(2171,2,63,2,318316),(2172,3,33,2,318316),(2173,4,100,2,318316),(2174,1,27,2,3183826),(2175,2,68,2,3183826),(2176,3,35,2,3183826),(2177,4,100,2,3183826),(2178,1,19,2,3183833),(2179,2,57,2,3183833),(2180,3,33,2,3183833),(2181,4,100,2,3183833),(2182,1,43,2,3183841),(2183,2,58,2,3183841),(2184,3,30,2,3183841),(2185,4,100,2,3183841),(2186,1,24,2,3183848),(2187,2,58,2,3183848),(2188,3,29,2,3183848),(2189,4,100,2,3183848),(2190,1,33,2,3183855),(2191,2,56,2,3183855),(2192,3,29,2,3183855),(2193,4,100,2,3183855),(2194,1,33,2,318391),(2195,2,58,2,318391),(2196,3,27,2,318391),(2197,4,100,2,318391),(2198,1,34,2,318397),(2199,2,57,2,318397),(2200,3,29,2,318397),(2201,4,100,2,318397),(2202,1,7,2,3183916),(2203,2,54,2,3183916),(2204,3,29,2,3183916),(2205,4,100,2,3183916),(2206,1,28,2,3183923),(2207,2,57,2,3183923),(2208,3,29,2,3183923),(2209,4,100,2,3183923);
/*!40000 ALTER TABLE `sensor_valor` ENABLE KEYS */;
UNLOCK TABLES;
/*!40103 SET TIME_ZONE=@OLD_TIME_ZONE */;

/*!40101 SET SQL_MODE=@OLD_SQL_MODE */;
/*!40014 SET FOREIGN_KEY_CHECKS=@OLD_FOREIGN_KEY_CHECKS */;
/*!40014 SET UNIQUE_CHECKS=@OLD_UNIQUE_CHECKS */;
/*!40101 SET CHARACTER_SET_CLIENT=@OLD_CHARACTER_SET_CLIENT */;
/*!40101 SET CHARACTER_SET_RESULTS=@OLD_CHARACTER_SET_RESULTS */;
/*!40101 SET COLLATION_CONNECTION=@OLD_COLLATION_CONNECTION */;
/*!40111 SET SQL_NOTES=@OLD_SQL_NOTES */;

-- Dump completed on 2020-05-27 22:52:51
